<?xml version="1.0" encoding="utf-8" ?>
		<hibernate-mapping xmlns="urn:nhibernate-mapping-2.2"
		                   assembly="DsmGen.Infraestructure"
		                   namespace="DsmGen.Infraestructure.EN.Dominio_dsm">
		    
		    
			
				<class name="ArticuloNH" table="Articulo"> 
				  	
						<id name="Id" column="idArticulo" type="integer"> 
							<generator class="hilo"/>
						</id>
			
					
					<property name="Nombre" type="string"> 
						<column name="nombre"  not-null="true"/>
					</property>
					<property name="Precio" type="float"> 
						<column name="precio"  not-null="true"/>
					</property>
					<property name="Descripcion" type="string"> 
						<column name="descripcion"  not-null="true"/>
					</property>
					<property name="Talla" > 
						<column name="talla"  not-null="true"/>
					</property>
					<property name="Recomendaciones" type="string"> 
						<column name="recomendaciones"  not-null="true"/>
					</property>
					<property name="Check_verificado" type="boolean"> 
						<column name="check_verificado"  not-null="true"/>
					</property>
					<property name="Desc_verificado" type="string"> 
						<column name="desc_verificado"  not-null="true"/>
					</property>
					<property name="Stock" type="integer"> 
						<column name="stock"  not-null="true"/>
					</property>
					<property name="En_stock" type="boolean"> 
						<column name="en_stock"  not-null="true"/>
					</property>
					<property name="Color" type="string"> 
						<column name="color"  not-null="true"/>
					</property>
			
			
			
			
			
			
			
			
			
			
		  			
						<bag name="Foto" cascade="delete">
							<key>
							
								
								<column name="FK_idArticulo_idArticulo"/>
					      	</key>
							<one-to-many class="DsmGen.Infraestructure.EN.Dominio_dsm.FotoNH"/>
					    </bag>
					
			
		  			
						<bag name="LineaPedido" >
							<key>
							
								
								<column name="FK_idArticulo_idArticulo"/>
					      	</key>
							<one-to-many class="DsmGen.Infraestructure.EN.Dominio_dsm.LineaPedidoNH"/>
					    </bag>
					
			
		  			
						<many-to-one name="Marca" class="DsmGen.Infraestructure.EN.Dominio_dsm.MarcaNH" >	
								<column name="FK_nombreMarca_idMarca"/> 
						</many-to-one>
											 					
			
			
			
		  			
						<bag name="Resenya" cascade="delete">
							<key>
							
								
								<column name="FK_idArticulo_idArticulo"/>
					      	</key>
							<one-to-many class="DsmGen.Infraestructure.EN.Dominio_dsm.ResenyaNH"/>
					    </bag>
					
			
		  			
						<bag name="Usuario" table="[articulo_usuario]"  >
							<key>
								
									<column name="FK_idArticulo_idArticulo"/> 
							</key>
      						<many-to-many class="DsmGen.Infraestructure.EN.Dominio_dsm.UsuarioNH">
									<column name="FK_dni_idUsuario"/> 
      						</many-to-many>
    					</bag>
			
		  			
						<bag name="Usuario_0" table="[articulo_0_usuario_0]"  >
							<key>
								
									<column name="FK_idArticulo_idArticulo_0"/> 
							</key>
      						<many-to-many class="DsmGen.Infraestructure.EN.Dominio_dsm.UsuarioNH">
									<column name="FK_dni_idUsuario_0"/> 
      						</many-to-many>
    					</bag>
			
		  			
						<bag name="Carrito" table="[carrito_articulo]" inverse="true" >
							<key>
								
									<column name="FK_idArticulo_idArticulo"/> 
							</key>
      						<many-to-many class="DsmGen.Infraestructure.EN.Dominio_dsm.CarritoNH">
									<column name="FK_idCarrito_idCarrito"/> 
      						</many-to-many>
    					</bag>
			
					
					
					
					
					
					
					
					
					
					
					
					
					
					
					
					
					
					
		
		 </class>	
		  
		  <query name="ArticuloNHReadAllHQL">from ArticuloNH</query>
		  <query name="ArticuloNHdamePorTallaHQL"><![CDATA[FROM ArticuloNH as articulo WHERE articulo.Talla= :p_talla;]]></query>
		  <query name="ArticuloNHdamePorPrecioHQL"><![CDATA[FROM ArticuloNH as articulo where articulo.Precio>=:precioMin and articulo.Precio<=:precioMax;]]></query>
		  <query name="ArticuloNHdamePorMarcaHQL"><![CDATA[FROM ArticuloNH as articulo where articulo.Marca like('%:p_marca%');]]></query>
		  <query name="ArticuloNHdamePorColorHQL"><![CDATA[FROM ArticuloNH as articulo where articulo.Color like CONCAT('%', :p_color,'%');]]></query>
		  <query name="ArticuloNHdamePorTipoHQL"><![CDATA[FROM ArticuloNH as articulo where articulo.Nombre like CONCAT('%', :p_nombre,'%');]]></query>
		</hibernate-mapping>
	