<?xml version="1.0" encoding="utf-8" ?>
		<hibernate-mapping xmlns="urn:nhibernate-mapping-2.2"
		                   assembly="DsmGen.Infraestructure"
		                   namespace="DsmGen.Infraestructure.EN.Dominio_dsm">
		    
		    
			
				<class name="BusquedaNH" table="Busqueda"> 
				  	
						<id name="Id" column="idBusqueda" type="integer"> 
							<generator class="hilo"/>
						</id>
			
					
					<property name="Marca" type="string"> 
						<column name="marca"  not-null="true"/>
					</property>
					<property name="Talla" > 
						<column name="talla"  not-null="true"/>
					</property>
					<property name="Precio" type="double"> 
						<column name="precio"  not-null="true"/>
					</property>
			
			
			
			
			
			
		  			
						<bag name="Articulo" table="[articulo_busqueda]" inverse="true" >
							<key>
								
									<column name="FK_idBusqueda_idBusqueda"/> 
							</key>
      						<many-to-many class="DsmGen.Infraestructure.EN.Dominio_dsm.ArticuloNH">
									<column name="FK_idArticulo_idArticulo"/> 
      						</many-to-many>
    					</bag>
					
					
					
					
					
		
		 </class>	
		  
		  <query name="BusquedaNHReadAllHQL">from BusquedaNH</query>
		</hibernate-mapping>
	