<?xml version="1.0" encoding="utf-8" ?>
		<hibernate-mapping xmlns="urn:nhibernate-mapping-2.2"
		                   assembly="DsmGen.Infraestructure"
		                   namespace="DsmGen.Infraestructure.EN.Dominio_dsm">
		    
		    
			
				<class name="CarritoNH" table="Carrito"> 
				  	
						<id name="Id" column="idCarrito" type="integer"> 
							<generator class="hilo"/>
						</id>
			
					
					<property name="Subtotal" type="double"> 
						<column name="subtotal"  not-null="true"/>
					</property>
			
			
		  			
					
							<many-to-one name="Usuario" class="DsmGen.Infraestructure.EN.Dominio_dsm.UsuarioNH" >
								<column name="FK_dni_idUsuario"/> 
        					</many-to-one>
					 
						
			
			
		  			
						<bag name="Articulo" table="[carrito_articulo]"  >
							<key>
								
									<column name="FK_idCarrito_idCarrito"/> 
							</key>
      						<many-to-many class="DsmGen.Infraestructure.EN.Dominio_dsm.ArticuloNH">
									<column name="FK_idArticulo_idArticulo"/> 
      						</many-to-many>
    					</bag>
			
					
					
					
					
		
		 </class>	
		  
		  <query name="CarritoNHReadAllHQL">from CarritoNH</query>
		</hibernate-mapping>
	