<?xml version="1.0" encoding="utf-8" ?>
		<hibernate-mapping xmlns="urn:nhibernate-mapping-2.2"
		                   assembly="DsmGen.Infraestructure"
		                   namespace="DsmGen.Infraestructure.EN.Dominio_dsm">
		    
		    
			
				<class name="FotoNH" table="Foto"> 
				  	
						<id name="Id" column="idFoto" type="integer"> 
							<generator class="hilo"/>
						</id>
			
					
					<property name="Archivo" type="string"> 
						<column name="archivo"  not-null="true"/>
					</property>
					<property name="Alt" type="string"> 
						<column name="alt"  not-null="true"/>
					</property>
			
			
		  			
						<many-to-one name="Articulo" class="DsmGen.Infraestructure.EN.Dominio_dsm.ArticuloNH" >	
								<column name="FK_idArticulo_idArticulo"/> 
						</many-to-one>
											 					
			
			
			
					
					
					
					
		
		 </class>	
		  
		  <query name="FotoNHReadAllHQL">from FotoNH</query>
		</hibernate-mapping>
	