<?xml version="1.0" encoding="utf-8" ?>
		<hibernate-mapping xmlns="urn:nhibernate-mapping-2.2"
		                   assembly="DsmGen.Infraestructure"
		                   namespace="DsmGen.Infraestructure.EN.Dominio_dsm">
		    
		    
			
				<class name="MarcaNH" table="Marca"> 
						<id name="Nombre" column="nombreMarca"/> 
			
					
			
			
			
		  			
						<bag name="Articulo" >
							<key>
							
								
								<column name="FK_nombreMarca_idMarca"/>
					      	</key>
							<one-to-many class="DsmGen.Infraestructure.EN.Dominio_dsm.ArticuloNH"/>
					    </bag>
					
			
		  			
						<bag name="Usuario" table="[marca_usuario]"  >
							<key>
								
									<column name="FK_nombreMarca_idMarca"/> 
							</key>
      						<many-to-many class="DsmGen.Infraestructure.EN.Dominio_dsm.UsuarioNH">
									<column name="FK_dni_idUsuario"/> 
      						</many-to-many>
    					</bag>
					
					
					
		
		 </class>	
		  
		  <query name="MarcaNHReadAllHQL">from MarcaNH</query>
		</hibernate-mapping>
	