<?xml version="1.0" encoding="utf-8" ?>
		<hibernate-mapping xmlns="urn:nhibernate-mapping-2.2"
		                   assembly="DsmGen.Infraestructure"
		                   namespace="DsmGen.Infraestructure.EN.Dominio_dsm">
		    
		    
			
				<class name="NotificacionNH" table="Notificacion"> 
				  	
						<id name="Id" column="idNotificacion" type="integer"> 
							<generator class="hilo"/>
						</id>
			
					
					<property name="Texto" type="string"> 
						<column name="texto"  not-null="true"/>
					</property>
			
			
			
			
		  			
						<many-to-one name="Usuario" class="DsmGen.Infraestructure.EN.Dominio_dsm.UsuarioNH" >	
								<column name="FK_dni_idUsuario"/> 
						</many-to-one>
											 					
			
		  			
						<many-to-one name="Pedido" class="DsmGen.Infraestructure.EN.Dominio_dsm.PedidoNH" >	
								<column name="FK_idPedido_idPedido"/> 
						</many-to-one>
											 					
					
					
					
					
		
		 </class>	
		  
		  <query name="NotificacionNHReadAllHQL">from NotificacionNH</query>
		</hibernate-mapping>
	